ID,cc_cons_predicted
17591,3131.6064
13541,6781.1094
13431,2415.7185
8687,8790.722
14727,2379.8555
14988,10147.86
14859,13552.221
16636,6952.9756
7625,3779.483
16492,3304.8403
13674,5908.377
11981,7551.955
5185,6454.218
15288,3494.1648
18526,6291.881
16760,6485.5176
10805,10643.794
8830,2985.2048
8926,10278.466
10974,20123.586
2155,4846.898
17251,9056.852
12154,7003.7144
12227,7166.025
19961,5323.948
13866,6063.746
17498,12580.016
7241,4212.968
414,10807.002
206,7056.2095
7420,7363.0166
4601,15169.031
2768,9601.812
8120,10788.567
18584,5546.4136
16697,11878.622
16238,12034.014
3772,8436.719
3462,7170.4277
710,7836.751
558,5901.77
1244,8424.159
1302,18552.947
547,14494.763
19129,6367.1523
237,6484.4785
11122,2118.6528
4438,2688.46
18371,2736.7957
6401,6123.4434
13770,13897.53
18317,6147.179
19226,12458.869
4126,18699.395
11313,2470.1455
3925,5284.152
15973,4707.7383
12281,6852.6177
353,11770.223
907,3456.5828
1711,5015.06
9617,5072.4507
12928,10391.676
3523,9008.28
18838,6299.9697
17609,9276.562
306,5469.38
14812,3317.0671
1551,3456.8499
16640,15466.241
13546,3053.9746
4968,11579.055
13371,2829.9282
3981,8815.138
11568,27823.95
5662,9587.765
19586,3612.477
14489,8425.509
14153,6514.365
7626,7244.086
3085,6868.224
14821,10739.331
9815,7060.565
6506,2537.5088
6176,11863.123
13040,2426.0625
1325,5409.9863
330,15533.458
2389,9740.299
10391,11217.06
1019,10839.87
4338,12288.448
19849,14314.669
13667,12653.044
12709,3641.9119
12701,7489.648
18563,7223.463
19665,12250.089
5251,13361.187
6671,2621.4077
15887,6842.951
544,5030.223
13494,13380.608
4304,13366.029
12181,6604.413
15041,9532.718
14167,6691.4854
4659,19502.557
1820,13364.69
6317,14853.372
313,17561.672
12467,7685.104
13452,20841.309
3464,1335.9484
4890,7758.7256
11567,23396.105
17396,3472.9963
13188,4540.6396
15605,7236.158
7577,4489.205
8160,3895.1497
1429,8302.205
14928,9459.202
3349,14085.858
799,5809.951
12678,7518.2266
19053,7247.6865
15806,6830.47
2854,5720.172
4144,5683.109
16232,11220.098
10365,13622.367
4202,6581.165
9671,3879.3826
6615,2947.5168
12050,6915.9824
13998,3049.0667
7406,9888.277
12497,5104.241
4662,6343.8804
3661,2616.3694
17436,6175.064
2332,6090.3696
16771,11981.562
17110,18615.656
15967,3982.0818
5758,3623.058
2882,5138.3975
10774,10340.994
7750,18431.238
16516,12837.003
3670,1797.9868
15883,9964.119
2947,4378.907
13476,13447.441
13301,8046.904
6468,5358.3623
15135,14250.469
16278,5502.8496
12114,6555.1787
3839,10793.374
2886,5406.396
11928,11578.204
15155,6769.9287
4316,5353.5195
7299,6617.617
1306,3258.8315
19221,7982.249
7039,4502.366
11499,4164.0283
1312,4921.5464
2124,3974.4275
1907,4083.9993
16979,9131.263
6629,19860.45
5295,12587.949
11961,12405.015
11653,2799.9119
2822,5047.69
9335,13223.295
742,9844.924
8080,3683.88
12707,5547.816
3559,15346.05
4455,25029.146
16907,1811.7628
6453,11777.769
1108,9178.624
280,3828.488
16566,4112.106
17535,16341.521
15464,4688.1104
936,3274.3784
17214,5249.9985
6182,10141.271
14305,7012.6177
11840,2852.4636
7534,14733.812
3025,13192.155
6393,4708.012
13441,6571.7876
18252,4302.8193
11194,4253.372
15711,10482.17
5219,5481.523
16914,18766.016
10003,8025.664
12338,14800.697
3813,14936.505
15088,12698.948
10155,20768.766
1466,18717.969
15472,6504.09
17157,16656.873
18166,7387.87
15940,7260.4033
16627,1788.0994
10125,12905.022
16485,8481.643
683,24422.57
6119,4615.3906
4454,12903.213
9712,8629.106
4120,2048.5925
15722,3591.438
6352,11255.393
17883,7285.2793
18204,6382.378
9971,17375.594
9023,7558.9165
13472,1915.2812
18393,6053.8755
1916,5142.354
2114,16664.31
15098,5542.246
16002,16767.186
14466,11078.712
5230,2666.9934
7591,3771.7034
11578,8094.0513
3258,5889.3086
12283,8562.976
17355,3906.3013
6557,6582.8604
1523,2642.0825
579,5663.746
11196,6054.8745
4925,13443.018
10260,7941.598
16414,6124.9624
9575,14060.423
4517,10520.591
5120,5097.522
624,2713.6008
19457,9086.2
18888,3211.5537
2356,13195.868
4545,6310.928
18014,4302.4907
13964,11330.0
6774,9725.873
12210,11897.455
7735,3398.0374
12253,14372.315
968,10904.295
19474,3217.641
10090,13905.313
9695,5028.333
6057,11861.89
11620,3809.3696
19105,9167.399
18161,10884.055
16983,2100.796
16846,8570.983
12641,6839.069
12194,2127.7344
3182,10810.177
697,3011.8308
16666,2764.1218
10809,2624.234
16899,8883.453
1473,8012.241
11504,7137.45
7004,12575.961
12782,10367.826
3142,2817.5876
15486,8583.319
10817,11199.047
755,4484.2617
3527,14128.59
18375,9423.103
1146,4834.9336
3290,5560.987
5630,8201.887
13114,12173.429
17944,3377.77
6621,13049.411
8012,4428.981
5782,20708.736
2840,10288.156
4245,7822.3086
14833,2019.4064
3884,4187.7417
9209,7446.61
17550,5882.7847
1191,3656.5571
16498,14845.71
11748,16005.145
16053,11690.197
18527,4748.586
11548,6158.2534
11074,9895.608
9104,9223.618
8083,3033.634
11425,8269.164
3247,10752.019
7233,11327.299
13650,14413.868
11762,9264.89
9216,12548.069
2398,13048.888
7321,4167.768
19222,3089.0632
9225,2577.289
18451,3903.4817
2529,20551.924
8266,11283.069
15901,11001.132
9070,6488.506
15808,9786.384
12019,8868.131
19750,9661.422
2532,5156.1167
5234,11552.426
10409,5157.361
12698,9196.045
15412,3591.0269
19217,9898.411
19907,8442.12
833,11613.273
17121,12035.059
1966,13413.855
7703,3302.9148
520,5731.942
3739,6316.119
18300,10821.493
9834,6481.226
1992,5827.067
16462,5964.798
14735,8387.808
9481,5689.5684
6989,6363.182
19741,6979.447
5767,5190.6543
17583,12478.682
930,10370.25
1774,4471.0557
13003,2602.3103
1780,2097.5312
5582,11421.168
19569,11275.689
3723,1705.7083
3866,2470.6028
7168,6692.7046
19793,1611.1892
5951,13223.308
5641,7712.126
6583,23599.656
18998,13814.065
8236,5940.814
19610,5018.9844
5238,8734.675
5335,4090.5454
19316,12254.145
9585,11628.88
14363,16831.258
6578,5082.2915
15395,10600.423
1819,10305.372
18381,8402.148
3880,3117.32
9098,8517.742
17890,4691.868
7861,7153.5483
5490,10268.1875
12309,4108.6006
1833,17165.553
17881,12656.399
13165,16105.241
8610,23127.115
13363,4929.2324
4975,13918.608
12351,7445.431
273,7449.743
8975,8888.818
18951,7719.706
15165,5766.803
5178,4291.788
6044,9569.338
19386,6233.443
1635,10893.35
2814,4052.882
6974,3632.8696
18536,16104.719
11636,3650.4407
7414,22007.281
11880,7409.1953
15503,6763.5327
983,3572.3818
18110,4790.3633
7084,13718.588
14005,4335.462
19111,7249.8228
18532,21181.08
18394,7082.972
10851,5222.553
4544,11233.611
6236,8772.22
15497,12701.528
19864,14231.277
15670,9306.143
8118,4005.8289
7289,7850.1646
13788,5241.7075
5588,13429.972
5110,3953.302
10620,6530.8457
1156,9098.766
18398,5606.032
7134,10957.485
7676,11446.653
9409,3828.3127
17713,5683.77
3435,13296.747
14394,20059.51
117,21168.195
18541,17779.764
17575,3790.9688
8351,13749.37
7216,13099.564
8736,3977.048
1989,3608.251
19666,3835.7185
3908,3529.525
14375,8139.099
7794,3804.5796
7232,9383.515
2836,10538.336
15954,5435.4346
3354,13588.46
3368,7977.043
9219,13640.256
8658,3565.2292
3809,5327.174
5129,8393.514
4874,14710.77
8758,5352.9834
16293,6381.69
8150,13892.389
4272,10255.483
15938,14756.594
9893,17339.984
1299,2591.0757
7239,15410.084
8253,16273.85
19340,13996.509
18530,12579.392
14903,5616.4263
14454,14786.376
12353,6592.5684
14431,5265.0034
17602,2552.5618
15036,2600.924
8921,7556.48
11059,8524.505
18577,6699.609
14565,9237.792
4955,6329.272
3535,5670.038
2024,21285.35
17666,2697.4944
6295,3533.7698
7085,6674.218
1389,4081.1252
3659,8773.961
15509,1809.844
16938,21735.43
15432,4241.205
12074,8356.075
15777,12192.95
19953,5898.5283
1709,1964.8175
10048,8745.287
11839,4656.8047
701,3989.359
7271,4253.457
10196,14300.149
2901,11645.694
198,2770.9575
3877,5147.2715
15160,21705.723
17634,4919.8096
16927,4240.7603
15162,19852.191
8443,8718.037
1716,4115.312
7870,2206.638
4318,11752.364
11351,6342.053
15465,3814.6243
18121,12173.858
6602,3839.6028
4331,16209.303
6592,17317.805
18955,7837.2896
2510,13480.713
4009,3512.673
15468,8350.076
7251,7575.358
7463,4622.7
16325,7103.3364
14882,5958.6675
3610,6993.5474
19097,15191.008
9378,4405.999
16582,7533.6167
16761,12012.112
12055,10388.723
1226,4574.017
7344,4170.3247
16365,10357.755
223,4787.4536
15934,17979.512
11882,19797.795
7083,15324.067
14196,18431.344
1599,10334.724
5976,6715.3857
5611,3867.673
12565,6298.888
1339,5122.8394
16772,3948.5156
11827,11249.4795
18484,12376.404
3033,19329.568
14726,8351.462
13696,3027.115
16295,4243.435
7910,7397.2905
1868,4699.747
3190,13724.961
549,13690.003
8940,4440.2334
214,2157.18
3587,10380.769
11555,14194.312
19231,12037.091
8248,3865.7588
355,18875.727
15634,6798.3486
6746,11097.431
2963,12533.19
2082,10945.589
16784,5194.2646
10436,18608.2
5114,13539.121
14525,8307.702
4534,9465.177
8877,3454.7993
12117,5084.876
2682,10932.401
7948,4675.7397
112,7950.9355
2220,2682.2512
606,16271.724
11552,4349.5083
942,3847.412
555,7053.733
3394,9680.221
7916,14312.32
13261,3274.113
9592,21342.408
5694,9674.729
7570,6877.697
15543,2531.5073
5834,3555.278
3362,8991.756
5741,10517.05
11060,15556.513
24,3440.171
14942,9319.004
8277,15222.974
4596,4818.3228
396,3333.184
3213,12453.511
14447,14929.641
14106,3013.8572
5940,5018.9844
19543,14122.11
10215,16465.457
16348,4357.4897
2111,3112.1318
7973,3186.5505
1175,8445.196
1796,18041.66
7425,2443.2444
13183,7860.984
471,4783.003
17683,4781.676
4770,4316.2656
10199,4024.251
9601,10013.002
19986,8537.947
10411,1914.9523
10682,11921.365
12224,6555.016
8319,4913.525
4618,7878.8643
7976,10182.414
4340,9209.8955
10852,9071.791
4810,13851.837
5049,5432.4907
16928,6281.1357
4504,9995.616
4327,13143.177
13368,9237.272
5657,5917.141
1007,22852.084
10792,3561.9658
18373,19726.908
12313,4853.9814
8295,11587.3955
15707,6952.319
5504,9451.654
11441,11408.681
10964,10546.642
10850,4715.9497
17775,3117.3972
17588,15080.821
14495,3989.884
5522,7833.3286
14724,16815.004
3653,5491.089
1588,6873.467
7587,7239.0503
2381,6565.641
2879,5450.454
11660,14589.713
11681,15603.408
6929,7495.2363
17457,9581.868
10894,2391.1577
4822,10032.417
1647,10238.654
15006,4954.1304
19487,6878.635
12585,20427.21
17909,8879.133
7793,3130.1846
4997,14079.129
4763,4098.443
11444,15545.834
1627,4748.907
10371,5638.8423
18564,9023.131
4093,9357.123
6978,9109.499
12945,9853.35
3539,3184.1528
10628,9824.878
11767,6281.9385
13601,10417.198
2245,7232.8047
14887,4924.688
4278,3923.7231
9950,8942.049
3204,7618.406
16690,2606.752
2416,4421.9062
19947,8323.112
17029,7087.2974
14802,3679.4373
4571,7700.6226
2165,4623.8467
14756,3622.8713
17443,5423.9165
12952,7254.9834
16486,5925.562
3597,8262.132
1319,6132.825
2645,12449.212
18246,11006.494
17179,5635.455
8259,7619.3213
2410,13886.083
16128,3968.0254
2694,5512.2163
6076,23575.158
11899,3535.8538
16987,5432.7134
18023,5388.803
3774,16226.054
6848,9368.902
8283,14896.202
18868,6491.434
16132,4093.192
9358,5491.356
10515,6643.0654
536,8460.498
2533,10922.5625
8756,3386.6008
8468,5783.0034
19165,13325.692
2818,21264.268
15919,3359.3313
12633,13271.572
9901,2466.4424
3422,1808.2809
17028,7578.3936
16513,9432.104
8666,4042.7888
13659,18539.7
19319,13189.916
5897,10171.582
13079,16062.459
4884,16426.072
11678,4276.1006
3708,4054.3865
17810,8951.529
12258,7068.8735
11047,2553.4214
6014,5979.124
516,13516.864
13560,7453.8013
17168,9257.947
18286,1894.2992
2058,6376.974
2542,7725.267
19016,13418.27
7302,4208.3887
19732,12404.92
12284,6972.5537
6820,7127.9937
17953,10360.116
17263,17486.295
4713,11882.838
12816,3304.043
13464,3373.7092
1223,6051.382
13706,12044.21
9512,5202.1387
14862,3897.3052
12056,6210.9077
3783,8097.41
4793,10279.407
4205,16881.014
8823,14591.0205
14191,8649.171
15643,6360.894
9554,9638.21
12239,5941.443
2786,10099.38
15274,4724.2026
537,20435.434
13445,8399.007
2634,12037.986
17840,8832.356
12118,5602.9526
12312,4210.943
2052,5297.753
6709,3601.5728
16546,1711.9902
12124,13934.454
923,6552.4717
4148,3759.5295
7264,15640.999
15214,5850.854
18504,6435.395
9475,7895.9263
12432,7694.4263
18524,5697.579
18255,6139.5034
8654,12176.285
5876,21122.256
4055,3571.8777
3906,4929.9517
4875,4948.444
1773,7292.0293
5520,15474.297
14021,9422.239
2216,13469.082
16529,3906.1597
18553,18337.854
18753,11445.867
5548,3926.4602
9435,25724.455
17907,12506.037
2808,17657.03
11816,13213.524
9060,4376.4185
5775,8718.936
17694,6406.06
3976,6571.192
17781,4400.396
8893,7501.7446
5116,3977.6477
13033,12141.658
17649,11989.129
16358,13665.282
17172,9525.356
3140,4659.9106
19312,10195.543
1188,8491.858
13244,3685.3914
2458,1987.0048
17483,8195.553
14793,12027.669
2279,11055.332
7675,3089.4404
7409,6443.927
19974,10031.823
15518,6467.2637
15473,14115.539
16214,17484.244
17398,4480.132
1391,2915.8625
18026,5663.8813
16381,7215.5303
5905,13285.465
18424,4308.8447
16578,13406.028
2315,4501.6836
3303,11026.994
5633,3625.838
14610,3382.6812
4749,8674.881
12238,28601.777
16125,8092.4224
1374,12571.188
17058,5470.815
16495,11526.342
16340,13746.459
13974,9084.649
16180,8395.571
19733,11887.678
10112,5663.8813
16557,4638.6104
12028,18907.78
18047,20636.715
12496,5639.192
11661,4789.4175
12783,10209.984
7065,11286.782
19005,9100.763
15781,11039.98
13208,7310.8677
14926,8740.567
19730,7802.339
19067,9811.89
321,8341.933
19587,8360.723
1721,4136.009
5511,8117.647
8899,12330.925
17717,11309.163
897,7208.4517
14045,6929.75
1404,8676.015
8999,3031.5828
8036,8969.468
9388,7727.3604
1180,5988.0444
8958,5519.0293
6065,12338.019
9479,16961.852
5873,8415.061
8796,6781.969
8601,7645.5435
18825,4443.1567
5933,16818.773
6462,4820.497
16286,10591.58
14994,3084.2605
15364,6529.5063
9427,3882.948
8115,10986.138
15421,5523.738
11865,16988.37
13162,6698.7017
8185,3852.9324
18432,13700.988
6564,12661.53
17979,3741.316
14379,5845.828
1158,5900.267
8493,7022.484
7967,2733.174
8761,4707.2397
5813,24957.018
6104,16865.227
3469,20566.748
16073,8984.306
11942,12409.914
12303,23330.885
8607,9654.154
19370,2545.4485
11871,4533.101
10737,8265.954
782,7382.0376
14214,5031.3076
14248,6321.8145
17,11264.274
1358,5352.626
2858,2980.9531
6727,8872.944
18860,5856.46
12474,15771.741
13172,25836.424
11993,5842.99
9841,13863.573
18116,11585.351
7050,2444.1104
849,5943.013
9622,5958.4004
13661,11675.411
8308,26767.129
5053,19252.35
732,19408.39
13818,5981.5654
17792,7671.1016
3602,15807.462
16332,11854.9795
16785,6485.3506
7752,7927.9526
12761,14742.766
12475,8683.614
5724,5766.4844
3924,9551.32
16200,9732.183
14987,14492.537
3923,11409.921
5468,3733.7395
6386,9525.883
10497,7388.582
4901,11468.148
1410,12821.867
1957,10562.6875
1159,9955.285
12822,5070.7573
15586,10512.767
16948,16251.407
15156,4475.002
15582,4188.3765
4754,4537.518
15571,12171.885
3898,7880.5176
19171,2972.6267
13211,11360.763
943,4452.5796
16015,2471.5103
5706,6529.9736
8059,23529.447
7404,13248.795
15613,5298.991
4797,6043.012
619,14419.78
15075,15925.676
6951,11296.065
9505,5956.707
9471,8617.263
16889,2304.444
6251,13086.091
10677,11884.9
4287,7662.1294
4317,11793.461
6195,12260.387
19473,20518.023
5682,9779.843
9687,6410.8154
18261,8085.6562
16860,2115.0212
9249,12430.645
18523,4526.46
7325,14325.157
6844,5863.4297
6549,3567.1785
11540,9132.378
19906,2917.3833
7586,17127.318
11119,7586.247
7018,11903.618
16966,12276.335
11528,4766.3022
13920,4546.1743
8420,9412.88
9751,5262.197
13013,5815.623
17787,11799.852
9699,8673.193
8149,11409.148
18519,6449.3994
10369,5505.469
19200,2657.6123
17917,4306.9707
7400,14698.568
17218,7181.023
17488,5433.8535
7069,1855.809
6049,15244.811
2343,3724.9312
159,11420.918
568,10802.932
14913,3328.6306
6902,21704.916
374,8691.776
15207,3006.4568
15291,4349.753
18535,11235.068
19593,7780.4683
9270,13566.058
2335,12093.407
1701,4895.6865
14703,6790.98
1083,4927.0605
11843,14685.691
16175,9764.52
16971,18692.992
19680,10319.299
11522,9605.622
14250,11269.066
9786,5775.104
5886,10108.709
18598,15488.413
19194,11120.263
17798,11774.894
7941,4633.2197
12639,4526.676
16805,4673.3496
3225,8112.709
10870,4764.2476
5562,10815.303
15204,2364.1555
15020,12739.49
1970,18922.79
4349,15386.88
13870,4976.7417
15455,7580.157
11727,2076.4014
18604,6420.227
7373,2837.2556
2310,16083.598
9764,7189.089
7747,7736.372
6520,16638.582
7697,6637.2197
15573,3462.7014
19192,13166.149
17984,4291.023
14285,6189.777
2908,11422.759
12662,9888.004
2671,3807.7783
8526,5441.2236
2787,19010.012
10472,10610.214
7305,12729.567
1756,13445.262
4850,8171.1997
19399,3779.6594
15163,12547.519
5285,9386.63
5430,11202.765
9400,2342.1816
19679,11330.141
5606,7033.652
18671,17402.045
18548,12019.286
9459,12640.668
4881,19296.303
17929,4621.964
18640,8310.049
3831,4061.195
6063,7117.321
8663,5330.2183
1201,16482.535
8935,13101.139
19612,9319.084
12208,19882.3
11421,7443.2373
18659,8253.09
12027,7160.2515
8460,12079.0205
1549,8203.756
14354,5196.7773
18127,16577.854
18582,11983.401
15964,6497.102
16184,6284.5337
15115,7187.9507
11431,10550.052
14205,4464.5435
17888,7121.8706
19384,4096.274
13780,5595.2676
8196,2190.0596
11174,6265.7573
8470,5150.837
19975,4806.3965
11270,10406.572
9365,3765.1858
3421,8423.355
8140,6318.716
18211,5318.5527
4722,7560.856
10017,5432.7134
15132,5257.4204
6901,8285.388
5691,5764.8896
5573,12784.672
7435,11471.091
12152,4552.61
7341,12213.702
18994,11152.86
14584,8635.075
8809,6613.787
580,11134.537
6747,8124.301
14369,5315.104
10555,7289.519
6115,4486.8076
14575,3639.519
18533,20410.951
19227,8485.543
746,10392.706
3022,11032.78
12628,6922.9585
9754,10369.251
10054,9135.087
8368,2016.1161
3812,9337.421
2453,8187.583
5232,8539.404
19645,5924.381
6028,3319.5552
4332,8894.076
17532,18657.514
6678,18247.064
19505,3091.6135
14775,12569.762
18952,7500.8286
14218,11923.264
6001,1274.8649
13700,10338.203
1453,5939.692
6235,4815.6665
7071,9745.232
19984,9088.904
17924,6741.9946
12845,3513.8696
4628,6498.955
945,5076.095
14157,8829.501
13618,5822.8833
16658,4889.2886
5300,8982.044
12449,6105.9
13783,19365.273
9980,5948.0205
16845,16785.938
2862,5929.4917
3350,4207.4097
17429,14750.178
1895,11304.774
11101,11612.188
3963,10163.184
1133,4512.9526
13673,16251.035
13489,12999.982
13865,6285.6484
15786,5172.481
3985,3327.71
11998,2116.3162
10739,3812.587
4702,7069.3657
7499,2625.387
8550,6924.497
4776,15855.174
13317,10451.742
2184,3560.695
807,5148.715
7099,25408.455
8973,20334.861
9369,8038.4116
16823,6984.828
11525,10977.161
10986,12292.328
2434,15924.31
3108,4542.9663
18217,9701.71
10631,19456.781
9141,5249.7983
7760,3534.6362
10905,14292.991
5890,5324.527
11294,6581.5044
19332,23731.127
5426,4441.5127
17785,3657.9492
11420,5332.5015
3049,4277.296
12632,5365.3384
19246,14594.18
13271,5853.9297
17803,12108.4795
17126,10948.856
8698,3939.0203
5996,23334.357
11892,8277.031
15263,14608.134
5210,1885.8158
12905,12071.235
19208,4018.5085
5599,15977.996
13512,17481.926
19511,5534.1323
16281,6164.871
2142,10864.847
11034,1796.0415
19121,10783.044
7803,6826.9985
2236,3049.3953
8589,10634.215
14052,5140.53
10440,9577.939
17316,4419.317
1123,12263.369
8102,2384.4658
15355,16852.588
252,11756.603
8193,9366.454
15147,8593.911
13263,5361.752
8385,7985.333
13425,4158.1343
19762,5385.6533
12939,5983.5737
16290,15627.535
31,14974.132
14664,5480.0747
11006,15886.265
7303,4344.619
2135,6247.693
7946,7391.07
19020,10623.732
977,10409.889
1281,9896.24
6100,7161.57
13110,4609.2266
644,13972.581
17424,12886.192
16563,7053.3496
17516,8946.732
11881,11524.507
13520,9364.766
15120,13052.958
13448,6412.589
5828,8342.871
8383,9244.791
12324,2969.7312
11737,9593.582
3534,8173.351
16464,11829.217
19863,17345.559
16289,6186.3477
3396,3616.9768
1950,6060.676
18910,9901.329
9694,5851.027
15347,3576.2725
13653,7592.1104
19422,9863.749
2442,9950.577
3042,14509.133
574,11852.842
1237,4697.2285
9161,1712.1871
11362,16684.555
174,12383.288
10512,3669.7659
2361,13760.481
19553,10198.859
16088,15683.781
15758,7218.056
2754,4496.7866
2164,6711.5693
622,6890.2314
19967,5174.1143
14744,5780.913
18723,11251.261
17460,5280.3174
5411,11553.296
7708,10995.11
10158,8333.002
7759,3565.4163
11960,3956.5806
7229,5964.803
17596,12379.497
17875,10138.013
3193,15884.295
1239,10078.316
2446,3657.021
13521,7045.9126
1873,3502.0503
3300,4445.9844
2980,3745.0474
2239,6008.504
17467,12923.904
4016,10612.704
18399,6810.2515
4460,16628.668
9114,3464.8425
5470,8274.947
14819,17224.705
15637,11708.095
4826,21655.146
2021,2902.9285
13241,4236.85
13564,14755.946
13724,5187.066
4458,3150.2617
3781,8108.9336
5570,4823.9746
13787,5932.4785
16463,6537.751
14589,8466.795
9012,16340.104
7054,7110.529
13281,12761.708
5955,5150.5767
11606,3368.5735
10045,7803.5
10521,2964.0083
5163,4897.6577
18356,10172.048
62,11050.894
5702,7910.165
5556,7279.9097
5060,5822.939
3987,7997.1777
11,11292.091
15148,6157.7837
10749,16723.395
8760,3071.91
16457,5712.7944
17332,9557.453
7314,5521.146
2484,6890.7505
5780,14251.121
13994,3155.1912
9190,5395.788
8913,16006.977
2123,3023.0286
17169,3773.8987
1069,8784.067
19507,17177.164
2517,4953.369
13535,13863.957
11135,11284.662
2158,6392.4
77,6943.995
19243,11672.216
288,4734.3887
138,5843.1353
490,5166.79
17789,3881.3445
12597,5516.5767
4387,6573.6494
15690,11497.959
11761,10359.741
19177,5772.527
17493,14308.922
17195,4820.8877
8002,15516.238
12954,5135.5454
7883,15007.717
17414,9651.567
11630,10980.795
11057,3117.213
14179,8779.879
9598,8050.8267
4225,7478.291
14235,9164.042
17043,4859.9766
18510,10252.051
16974,8550.587
170,26222.914
7860,6745.9053
1205,3577.4973
16029,16085.592
662,9685.309
10373,4982.1987
6365,7874.2437
11052,4870.85
3485,4604.4937
19396,5990.2666
8856,8412.26
4947,16556.27
8748,4029.2483
2376,12577.616
2160,8637.761
1259,15578.189
12708,1657.438
14444,2230.8755
7220,12173.882
16249,4437.862
15971,8004.8164
3519,5283.401
17689,8539.625
12829,2887.8757
11243,3751.598
12096,14189.75
19490,5196.7773
6408,12874.35
9079,5678.281
8404,10964.344
1013,4234.923
9524,6895.846
12217,12049.507
6216,20202.871
15978,4301.301
9872,8057.9175
599,9339.077
19178,8174.9653
2679,7899.8433
7312,6569.2114
11853,9523.585
1607,8221.451
6847,4586.1626
4110,19105.508
9315,3838.4932
10507,13793.409
16151,3645.0261
6162,3036.4048
11432,7587.796
10315,7956.9595
15575,9758.291
2349,4056.0845
1739,8299.878
9520,8927.298
8270,7748.1724
15122,11114.22
8222,7738.5933
3691,6050.545
1186,6203.7974
7007,11550.223
8315,11987.3
16816,5195.6475
6865,5014.405
9174,11763.624
7422,3017.534
13715,7081.3984
13242,2792.95
7813,2961.9236
16683,10615.64
8378,17466.076
9230,4025.038
7830,20342.33
12011,7711.8315
6022,6796.8315
715,2699.5798
6240,2921.1458
18022,9209.658
17426,7188.513
18633,11096.097
8442,16477.223
1516,5461.435
8055,2621.5151
13157,10745.775
529,23412.936
13500,6528.5723
2981,4686.7646
8825,6977.49
14190,11480.46
14875,9273.837
15297,6229.7515
17006,5415.3813
17499,3079.2334
15495,11437.683
56,4419.0176
10951,6088.1216
17807,8735.65
12327,5986.6567
13227,4031.4858
10921,7193.9453
1100,7468.2476
14949,4176.388
19898,8931.939
16164,19160.012
373,6063.434
9027,1882.736
834,5373.6304
14367,8320.493
19278,10492.973
7936,5935.948
3026,1568.7927
14112,10082.826
6450,7816.6255
441,8178.8804
7767,9950.083
16168,8863.733
1440,9949.163
1282,6703.029
10033,4079.0586
8819,1878.0673
5963,7990.971
798,17834.312
4718,13182.811
14497,11024.976
9652,8518.279
9132,3074.6746
4255,4883.993
18162,4369.569
13810,4901.331
16323,15884.462
19556,17994.025
566,8487.825
16490,23210.662
15807,12099.083
14560,6177.9746
12970,5864.4927
13554,5450.2515
9864,3191.409
3399,7644.26
17702,3487.458
6208,10619.093
7496,3639.4773
2443,12857.38
14969,9891.126
15416,5383.373
18618,3656.5571
6392,13679.131
19484,4322.3057
2305,7440.9517
13456,4570.5933
4569,2210.3591
2318,12029.986
3406,3290.803
16307,7790.062
14333,5380.724
15242,1953.8928
928,13783.678
7814,9031.672
5705,8800.277
16573,4114.1855
8952,7730.8325
18290,5488.0415
14933,4688.477
3499,6206.508
12827,9607.3545
9916,5341.5786
9384,7117.321
7470,9624.119
4086,9014.881
16768,1988.7697
13772,3717.0261
5374,12155.527
16297,4162.1064
9069,4177.663
6970,5652.801
6437,2937.7559
13631,14866.808
13217,4275.5986
9103,5828.3013
19695,8074.9434
16906,5713.4917
18495,2230.2158
7785,5701.488
13385,16369.428
18511,6305.2183
10036,5291.314
962,10463.252
15428,3619.9558
19723,10622.041
19344,6725.43
11756,8864.73
9284,2444.8613
10728,11198.331
7640,1950.3873
19339,6455.2153
17619,10045.582
12273,4953.7993
11908,3509.4912
824,11087.443
19383,12645.383
8367,17103.682
4259,4797.1904
13719,6446.109
13517,5056.494
15578,2915.5762
13086,11558.267
5722,3472.579
980,5168.264
15870,13666.221
13179,17020.82
11210,6888.2993
11599,5134.8696
7801,5029.4507
176,9124.855
9106,6816.9585
2383,3886.1865
10401,7986.4526
8565,4330.8735
473,4943.0986
19872,3898.313
13930,3401.2415
3742,16728.309
17223,8144.356
3075,4432.8315
4190,8073.8115
7507,8862.566
6039,9638.68
6158,10122.447
12371,16771.729
661,5520.925
15126,7100.891
14443,8528.677
2311,18948.143
12850,9080.422
14700,11700.895
4116,15875.42
12524,4967.583
1844,8061.1533
12975,7159.2407
9838,14525.401
7846,5161.9185
2137,6442.4517
6688,3322.9326
14620,4237.1455
1858,15898.633
17384,1245.564
7080,18463.436
12052,6318.3306
2297,13818.743
6302,9950.083
3245,14483.486
13135,6721.185
17044,4884.855
19997,13727.566
1724,3336.168
16565,16033.868
11409,6790.559
9426,16388.69
2931,8979.963
6329,11580.523
18001,6605.2637
7540,18645.969
17914,6560.633
15125,13106.362
12231,7185.4077
18930,12723.583
16341,5452.0664
3638,6453.7993
9361,4877.927
1600,13639.501
13613,2253.2668
10406,6639.366
5575,6482.456
18036,5502.435
8206,5155.344
13053,3189.0564
13260,12411.831
19512,7088.886
256,3260.1594
18672,1252.6533
14985,4381.4434
10632,11557.672
17584,12433.632
17399,2105.4082
5103,5594.9365
13906,12906.499
17677,11598.496
17305,5124.5356
6489,6020.5054
12689,9720.846
376,4909.0137
16396,13052.996
1560,15343.548
13475,2916.451
6072,12793.32
11799,4598.761
886,12170.225
1629,15034.105
704,9546.038
196,3039.8743
10931,4151.535
19098,2423.0864
11004,10829.96
16558,2569.9658
637,3252.9644
10317,5595.919
15869,5408.8613
3759,4460.9336
13988,13652.633
8393,8050.2046
11051,1844.954
10827,3197.702
7888,8750.135
19681,4065.0322
686,8717.023
10989,11860.328
13850,4832.5225
5012,3484.2192
3052,4401.794
1331,16500.01
7267,16499.05
13450,4800.619
8976,4115.5596
2292,15640.0
10216,11797.027
16553,10285.351
12182,6164.224
16615,10333.028
10598,13227.597
1347,8916.049
3681,2669.0935
16244,18335.107
14061,7447.6187
13542,6515.235
961,3455.5376
17328,9425.448
14012,3561.9148
11288,16096.995
210,10599.554
4031,3478.9683
4244,6782.9204
17805,11092.446
6409,6516.5776
387,6551.341
14348,9243.592
10689,10326.949
1061,11335.372
9577,17316.914
9905,11657.13
14647,4217.29
6707,12618.794
11664,3562.292
586,5858.002
8377,8541.686
8398,10822.773
19245,8346.103
14308,8003.9614
3573,22369.195
3657,8279.273
18428,1414.2529
7440,2272.0137
16503,14222.064
15060,2845.1526
11798,4382.2163
7336,3283.3367
7542,11205.746
185,5625.879
7238,3809.2678
2559,19734.51
18502,20787.434
10492,6782.765
9793,4536.0337
7181,11045.53
4163,5650.801
1781,5471.895
6881,11010.421
15368,6663.5254
15252,6548.717
9806,8272.035
15110,6067.4316
14392,9250.162
6554,15095.873
12330,13812.445
19366,7866.917
3616,5635.874
19430,2416.7512
14831,3581.53
670,18403.152
16679,10983.005
17509,9798.899
6002,9965.137
18137,4365.9985
12047,5234.5176
10100,3967.4614
6374,3784.032
2990,3445.4717
3186,7127.9937
8179,6408.6514
16262,3747.4202
16905,10179.006
12000,12024.435
1832,12414.424
6883,4066.9326
17646,11753.643
2427,3424.154
2932,19037.045
12563,9991.708
17886,8190.246
10452,6888.5557
3646,6375.575
5011,7646.9434
14445,9497.424
8563,16670.318
6069,2415.3635
14911,5237.0195
12589,3865.3752
12349,6786.3374
2551,8860.521
15757,14781.413
7012,3158.058
7179,2570.4465
11231,5247.355
3810,8661.513
803,8712.368
15657,7536.5996
7957,4225.8354
19815,2751.0193
5947,13501.57
4434,21647.652
6309,1562.6742
17543,9676.777
19350,7278.493
12876,17927.441
3476,14714.46
19029,3312.229
7915,8886.589
10609,3027.1553
12020,16852.059
3800,9858.444
2234,9165.659
15928,1426.0161
8237,10262.382
6843,12634.232
7176,6148.3286
16433,5539.556
1294,4906.425
9532,13501.699
5197,5171.3066
12235,5887.2417
15399,9301.9
4978,3552.1355
1547,3743.3364
169,12406.518
9169,6425.3057
16377,6653.675
12282,10559.354
10869,2534.9646
9649,13237.238
2615,3275.1406
18815,4490.6655
2613,5338.9907
395,2740.9805
17231,14982.332
10566,4703.3486
15549,18065.455
4252,14989.363
12531,14408.591
4566,3796.9983
10981,9766.001
7057,8701.017
1292,3186.289
3143,8793.581
9039,6680.644
8652,6195.7075
6447,8214.499
10664,7329.936
3095,17689.865
19859,10410.365
10355,14388.006
12973,17789.67
748,10299.123
17344,2447.446
2978,4383.237
5549,10826.913
16872,3214.8674
14320,5830.186
6586,6460.149
2663,8210.52
11219,14325.8
443,4852.4165
18630,7939.1445
14298,4004.675
14516,5300.776
6297,9068.235
18041,8842.885
13207,6154.3545
11855,7001.5234
7623,7673.8535
4329,6718.083
14919,9548.997
16046,6829.656
19980,3553.2166
3465,13470.085
3766,10672.409
9748,7157.6157
998,13358.472
15171,12579.404
831,10438.353
9803,6194.319
5884,10628.567
4354,16376.002
9418,3522.5151
10926,18929.195
9845,16844.94
15376,7465.171
1760,13117.154
12336,8703.481
7642,10987.458
10649,7786.095
4137,6814.852
8584,16104.013
111,8336.54
7399,10126.416
4133,17696.953
2989,11524.792
17643,10087.049
16789,6152.1123
12760,3901.7727
10491,5388.166
5021,6088.7666
18917,5106.6763
19784,3091.7432
9732,13543.202
2063,5711.65
11256,5682.735
9543,13994.587
5797,14839.298
19965,20307.07
9758,7779.9263
17967,7533.8613
4543,7773.755
11115,4304.4775
16483,9977.5
8753,5722.1416
11388,5938.5195
15833,6397.0967
858,5513.1733
17312,5349.1855
12626,3246.101
12578,18674.105
1886,14323.054
12240,5524.0117
4905,4331.353
1748,3112.803
7871,4132.806
4446,2351.4153
9066,9379.435
7030,7119.079
6677,3951.3188
13041,17884.596
9739,6515.9062
18,6094.8906
16280,4187.5176
18178,7435.4814
15278,5583.773
9198,6510.0234
8290,13372.953
14789,10227.439
5200,10091.869
2119,21404.314
19329,2407.9592
13896,6473.225
16471,4376.013
10189,6306.9863
1349,17171.332
955,13019.091
1555,5800.1396
11470,13950.305
5637,2751.9104
6527,4435.2466
12549,15083.87
5923,5677.8423
15878,14742.302
16978,16009.526
1565,6205.5903
13713,3790.4011
7694,4314.1704
1687,4714.3843
5118,3048.508
12979,5150.837
13939,5551.32
6293,13150.5
15226,8205.752
10958,5098.373
5168,6133.5854
17046,7970.632
3383,13148.832
4262,9357.918
19743,3573.568
11244,3391.5894
4920,3220.0515
11624,4041.636
3763,3353.1775
19070,9742.407
4467,7501.6587
18006,10954.174
19934,18078.484
9721,5435.108
16347,3618.3643
9144,7458.872
12427,4521.7905
3239,8825.493
6779,7281.382
9665,15704.961
2266,2515.0806
16173,4042.0254
14359,2644.1086
1818,3724.2773
10899,13868.798
13187,8936.899
4771,8100.6157
9363,23565.021
9450,12283.89
18354,14874.978
18734,12099.095
10641,10589.833
7806,7679.6743
19522,9018.476
12738,9821.495
12167,17132.824
7905,6065.019
14090,3215.8735
10679,17925.373
19870,3796.4695
13686,5623.094
3986,4022.9307
9159,5852.601
15510,6855.3765
16406,3344.3445
17322,6079.0117
7447,15725.57
1122,4487.043
12068,5611.6494
3832,12012.902
3728,10417.258
9466,5536.8726
1326,10517.762
3122,2007.5596
15650,4655.9966
9768,24161.703
19913,4477.06
6012,28314.738
8435,18724.807
9596,6336.551
10366,8937.069
10464,8461.079
17835,4631.7573
8269,19892.352
11108,11904.129
8930,11213.968
2094,6538.3936
2486,25414.174
13293,16318.97
1093,24253.914
9398,6317.595
13967,11927.507
15174,9702.506
15008,13668.397
3084,6390.583
18636,13577.138
8638,7513.9185
16044,10228.161
423,1905.449
12268,8168.27
3754,10642.464
11690,7129.9316
1363,18471.326
5802,12516.264
14406,11463.489
15300,7380.9185
18621,13855.867
15137,3957.3958
4774,2447.2043
18374,5113.7246
17354,5099.1753
17261,4487.801
7217,8670.877
1026,15193.935
15892,7709.434
13238,4817.1323
55,12495.521
7478,5352.861
6530,5827.6787
12867,7842.7554
15960,3128.3457
15232,14121.813
10772,11447.188
452,12229.637
17089,5405.2046
10031,14268.421
8786,5920.24
1372,4208.726
6006,11323.68
13200,10292.494
887,5848.0254
5623,6338.086
11474,2918.2502
10358,8568.597
1811,3917.7578
9478,6574.7026
9976,7341.1445
17268,5359.6353
15738,11431.391
14253,14715.794
12325,3560.7563
7405,5067.0923
3488,2906.14
7152,9225.236
5870,14650.158
2192,4838.8877
18430,11565.368
13491,4055.8794
9025,4282.497
9924,6161.1206
18336,6022.5444
9817,5605.8447
1403,11221.586
16465,15657.402
17682,8188.3325
3799,7003.467
1252,4812.3467
11923,15496.524
18364,6854.2783
5915,13520.81
11268,5833.284
3977,3702.319
17271,8942.092
3230,10384.72
6136,6056.746
3017,9894.192
9113,15771.727
8933,6872.4834
19884,4741.05
3706,6951.331
16633,3164.524
1458,10004.553
11061,7091.138
2730,5295.1714
16773,9209.843
243,6577.789
14867,10129.623
10008,12325.445
10637,19374.38
18845,4884.7573
7894,12780.234
8363,4745.1807
13402,8493.786
268,3689.8096
17755,4678.22
12960,8636.953
19697,6452.045
4512,5960.117
11103,2636.4133
13726,3623.058
3100,4305.1143
5148,13113.752
7769,6542.1367
9573,9635.472
2044,14444.64
0,3334.1794
16264,5409.527
10757,3717.1538
3913,17621.08
15385,11124.793
13387,3715.4912
18408,3637.8286
15010,11449.787
7930,4348.604
7142,6787.5996
18892,5118.9663
17808,8969.647
16110,5987.2676
18327,2588.7307
17763,3938.4944
19013,16533.658
10638,6043.035
6481,14764.73
1009,4811.539
19083,5907.864
8832,4393.329
4823,13235.357
7920,7424.2915
260,4394.989
19272,4420.9316
7635,7238.208
17990,8348.61
15209,2891.8623
14737,9358.168
15150,5114.183
10789,4005.3625
9064,5997.722
3481,8296.664
17003,19787.355
16646,14138.538
17385,13345.406
14780,4214.065
15254,6557.142
10646,8749.066
14159,13514.3125
7658,11410.617
12116,5038.7134
929,4153.393
8769,4872.2627
10423,15598.959
654,8172.7354
9789,10246.439
11148,4574.6714
18038,2681.9414
19674,11824.58
8471,8259.878
7461,10280.917
3567,4915.1987
6622,12622.946
16045,6990.0796
3217,4366.3813
13136,3424.0134
13950,6299.7896
156,6763.513
18714,12077.927
1919,14755.426
8275,5520.893
3860,7400.473
17075,5677.8906
10083,5230.0107
8256,18802.545
13049,7770.627
1000,4290.556
5202,3426.9873
11531,8246.606
3460,6860.7993
3240,14873.161
2371,6245.125
19021,10392.379
106,18305.178
8182,13187.426
11419,6791.6016
3009,11484.709
7897,6895.1357
18720,10641.621
16916,10841.235
1972,2448.8298
2087,10585.147
16397,5476.276
127,18158.041
581,5926.7773
4963,8075.2285
1633,4426.4004
11214,2738.0793
5622,5048.427
7550,13802.174
9320,9660.1045
1952,12832.192
13078,6100.6255
8970,13791.291
17321,4754.242
4624,11523.99
15143,5210.6904
4557,8917.732
18256,9713.756
2831,4873.6016
233,13258.958
8310,9659.321
12418,9472.501
19950,10977.538
17557,4562.9873
13592,11267.723
7810,15594.051
18687,16765.523
15183,7256.637
5811,2994.8376
5109,8721.688
19799,2058.5393
12704,15545.508
6635,9102.8545
771,3899.1533
11503,11006.631
15655,7632.5884
18941,9788.036
14255,4019.7354
18574,9688.053
4279,19708.668
19769,12489.492
9970,3918.554
12903,5470.0166
8888,16935.389
14260,5083.46
9458,10324.3
13665,11867.14
10467,18061.664
6716,4179.4727
8163,11529.189
5960,5789.8584
8788,13065.501
15348,7424.1074
1114,17600.857
15502,3392.7673
1927,19813.566
17159,3499.7725
15846,5673.2354
8490,5971.316
10443,10552.709
14870,5723.1406
13150,8725.898
7230,5371.709
3310,7495.9585
1231,6766.217
6939,14759.4795
6851,6962.399
3522,3884.8115
5492,3877.004
8027,8957.653
4207,9197.483
11469,16428.986
904,20313.715
17502,10669.162
4815,3484.6382
5174,6632.05
9955,9207.647
14311,1993.0914
9633,3691.3833
17957,4563.462
7855,18925.857
13259,10346.874
7582,12662.46
19033,3949.593
9933,11012.186
11305,7013.387
5634,8500.8125
7885,3864.6416
16746,3813.2598
18805,7705.8027
7149,5244.048
12075,3568.4956
2751,3306.3416
11442,7192.635
5720,5455.432
331,6208.7935
7038,3558.0264
11789,2669.0833
9100,19126.693
4019,4011.3237
1147,9907.696
19466,18763.922
14628,10956.389
4479,8991.91
17200,12633.617
2270,16002.076
10744,8343.906
13643,7938.993
7294,5233.1597
9416,2671.915
2476,8707.218
494,12066.125
14507,8611.019
14691,7532.0005
11254,14335.75
16685,2531.245
19826,15189.617
14170,2368.8923
6280,3803.4946
13753,11741.9
19501,4891.677
890,7612.4062
5864,7439.844
9535,9806.902
278,7345.9917
4306,17304.713
11427,10012.027
6153,10180.21
3067,5338.0947
15273,5756.609
8567,5862.6133
2046,8223.341
10785,9512.927
6118,14608.719
15417,14904.458
14642,10548.11
18857,2239.257
193,2842.0615
9042,7323.29
1827,6158.594
10314,1285.6223
15714,8852.269
3947,5172.16
551,5839.909
15621,8861.798
12076,5090.5444
2470,9827.155
19173,4445.603
8384,7459.996
5877,4534.801
4651,4333.068
11750,5371.3247
8486,6783.354
2333,18211.406
10441,6739.879
1730,7887.902
16003,12729.956
14395,13744.282
6887,11301.583
763,9117.713
692,5619.781
114,3963.002
933,5067.402
5443,7440.0996
8738,2175.8208
1768,3595.922
19562,6176.796
6620,15459.708
8015,11419.469
4555,7205.647
3861,7060.3965
12824,4634.3735
6221,11548.46
18149,7709.39
14668,15473.692
12601,7210.5493
8100,7277.4106
1550,9250.083
18304,13389.187
1178,14770.393
19429,13715.67
4430,5841.0903
17286,6107.1577
5332,2070.8726
2731,17673.574
12916,4599.3096
14899,9246.29
17919,3268.3523
4015,11872.133
900,1731.8932
380,8952.187
13196,4867.562
15793,14149.033
365,19691.062
18268,8556.428
7789,11964.958
18725,12403.772
91,5127.64
12265,12703.758
17867,4983.2686
16447,8585.317
16154,5177.2393
14551,11800.0205
6483,4249.7217
19290,7452.728
17359,13761.99
10469,13496.177
12362,4214.9414
3120,4898.4473
8402,6731.0264
13439,7849.573
16645,4712.4917
19052,12843.53
526,5408.304
8664,8351.645
10771,10856.984
9228,3979.5261
6957,17775.49
8450,6488.6235
19213,9622.54
13007,6537.7075
2109,7269.5225
6947,12665.722
5326,8924.642
6606,8866.362
11026,2635.4038
17960,4674.7583
4755,10833.906
18989,8340.206
14748,14391.327
15630,6639.3345
14796,7077.3877
10630,14780.454
2712,15593.381
3457,19018.299
17293,3369.4348
17239,5651.696
14213,13853.911
19686,3865.1282
3416,9939.935
19432,5860.8354
11382,8344.049
15720,6961.8677
15843,4488.413
14249,14598.844
12595,4981.4004
1762,3072.8801
9022,1815.9963
7664,5600.34
11787,9989.364
19077,3655.9885
6434,6496.8477
14039,12270.997
247,10160.635
14053,16696.541
8065,12310.572
6870,4791.1084
2883,4641.412
14415,8980.236
9087,3800.7998
11813,13238.589
8774,5199.812
3215,2599.9766
9013,2878.5073
2153,3181.672
17259,13879.714
1065,4619.535
9961,7360.8257
8170,5306.128
1012,3258.126
16368,9368.357
6313,6188.6436
13973,13346.87
14485,8308.384
18118,10373.514
10015,3809.5696
12529,5337.5854
8557,6052.0107
9618,7294.819
1377,10958.8545
15848,12822.356
14886,2803.682
7031,19694.537
4879,8295.762
16579,16711.771
18074,7033.786
2604,4626.5425
4956,4378.6396
277,3634.3774
2045,12778.784
6103,13483.079
5481,9843.862
13248,3993.0063
7490,10930.671
7863,12312.768
9624,13165.02
676,4043.3828
573,9616.989
13432,2920.3015
7190,18481.723
7479,19776.697
2536,5483.819
11674,5312.6763
14175,4096.977
12943,2682.1975
2688,9166.132
4371,9145.706
5136,6477.6724
2557,4316.9204
15176,16784.354
5063,10231.977
8489,6598.45
11398,4368.081
3195,10968.914
14853,3291.0574
15910,6436.512
13032,9426.023
2057,14077.155
18405,6045.9644
17770,3871.2942
4725,3796.4841
11439,4677.6533
19785,4258.195
1428,18937.213
11692,15133.714
13583,13565.825
11572,5211.153
14134,9056.903
3689,4539.15
12519,1794.6666
9849,1336.4131
13113,5557.837
5308,10526.292
6027,16961.074
2261,9252.482
18168,7737.7227
13092,2502.375
12352,5417.0503
4032,5612.4043
19108,12025.042
3179,9495.648
15229,5118.986
13213,19204.469
15259,11305.13
2288,5357.509
18932,2467.2966
5242,12495.0205
6917,2855.7458
13336,4416.392
5359,11266.466
9662,2680.1472
4896,6172.132
4841,8527.27
1915,18363.95
10654,7001.9106
15233,8967.501
135,8417.34
2590,3468.1594
2465,4311.5703
22,3080.3203
12310,8539.111
17176,7187.711
9881,8336.118
1610,12547.124
9525,7239.0503
3710,9098.705
14723,4838.8506
9128,7717.6226
1631,10243.489
7263,4890.072
9637,3213.3955
12706,3864.096
14649,12448.643
1176,4909.1167
4538,5172.629
2941,2769.2742
2582,9993.51
14596,10142.326
7137,15569.248
1503,7201.9507
102,6376.111
3452,15011.882
19871,3779.2375
4762,5457.144
13638,1481.0715
11583,11799.469
10309,5111.8276
5607,15123.47
2713,13958.716
5753,7158.6743
10460,18502.656
9157,7041.747
4108,7192.93
932,18512.082
8099,9968.103
4664,3352.3909
10762,20488.34
11976,2463.2664
646,6149.0093
347,7875.0776
5500,13840.837
17072,5437.675
896,4925.707
10858,3503.203
8394,15404.75
5077,8726.314
14339,4446.642
16007,4616.236
7189,7289.665
5041,6351.673
17364,7052.495
5550,6498.9116
5321,2105.0818
17833,8390.824
9446,4503.35
3041,2308.3733
2140,4427.1733
7487,2697.5344
1777,6067.6226
14878,6504.977
6516,5323.3643
7974,4101.9824
14022,13040.354
11403,5146.849
12067,5264.6167
11167,5272.7427
5975,6198.3613
13485,4784.162
15557,6503.4634
13298,11957.805
2965,8157.0825
8046,3411.8713
9245,5112.788
7270,5202.2627
967,15851.772
14023,8354.266
8501,2735.9355
11241,6055.903
3039,9898.789
18144,2053.7307
11246,13170.972
10584,8242.258
16212,18210.209
4935,5919.422
18545,5696.128
18977,19358.588
14408,9325.468
6661,8380.091
8299,4931.5605
8821,13440.235
11406,7597.0654
1747,8557.252
5920,6010.8887
2169,8635.322
16205,12653.985
15612,7323.353
8030,5679.462
15674,5287.9385
7579,9675.845
10124,14103.212
13721,3260.7595
15450,13815.844
13796,4844.6284
6472,6183.6987
7201,4596.8887
76,10027.385
14940,4102.5576
17212,4936.2056
436,1854.1761
4151,3311.512
9565,4938.4756
14042,2336.04
6463,8143.634
12278,8401.819
8355,3863.322
13993,3220.752
13977,10073.8
14115,5298.1826
19264,6601.453
11558,6217.0483
15862,2329.9722
18062,8891.676
8713,14119.497
2993,10004.41
18314,11762.614
15496,14213.888
9818,3140.0664
7161,8991.679
13623,6301.088
5857,7282.4585
13297,6724.9106
7632,7425.9204
10558,3806.6306
14804,16261.593
9451,4409.775
13503,6067.854
15620,5723.2554
18117,2835.579
108,12142.989
5708,11102.035
11105,3648.512
12457,8961.892
2081,7103.757
9068,11186.855
3155,6863.5024
8730,7813.271
7439,3571.9458
6122,13549.094
15188,4803.477
5297,16471.88
18782,5064.454
4442,3611.8394
6510,4470.5605
19978,6106.6626
11077,4641.204
4840,6095.4546
10319,18531.514
14678,9545.946
4593,4253.323
16291,4511.5625
3891,11249.544
2867,3548.7961
6558,3881.0334
11437,3993.33
10270,7091.9297
5805,10441.26
19234,10346.154
11587,2960.6
9120,5755.7466
13958,8356.816
4212,4485.7466
18210,12774.287
14463,11805.041
2241,10551.531
166,13795.936
3207,16741.635
19268,15709.83
8746,6521.185
6932,4430.8447
13978,8555.302
1354,12390.436
5952,6266.857
12272,7703.76
15139,3595.195
14142,9988.955
15791,16484.736
5795,3502.5513
17166,7214.188
17001,6050.1406
2097,3777.5615
14388,8792.994
8851,3878.0024
12172,7532.7764
17997,4377.028
15277,6559.069
4899,19947.77
11336,4981.662
1544,9330.948
9657,10232.5625
14172,12131.46
19948,6243.255
7713,2273.8308
3129,14625.043
3038,4709.647
4783,13896.722
8475,2015.3285
12553,5197.62
5911,4830.822
4184,3294.3052
17866,7988.8374
3107,7663.942
10483,10447.665
1370,14248.7295
13169,2569.8813
1024,9210.115
12147,5007.2637
10550,7735.346
15327,14844.677
3176,4205.72
11011,10316.612
14590,12688.537
16494,4642.271
7568,16976.53
1171,10653.839
7023,2760.9487
4806,6143.2114
7736,4121.024
8562,5539.8784
9877,4978.161
6184,12958.909
17903,3779.6594
3677,4218.98
12648,4481.051
18894,12199.15
19438,9426.617
164,3616.518
866,5529.563
810,9094.923
10370,6724.5835
11954,6076.687
19564,5452.1284
2255,15486.05
18539,8536.97
1219,9771.89
5040,6704.09
10840,4651.988
10706,2456.989
15003,12562.163
5688,8855.038
15446,4486.1016
12409,7355.267
16989,8444.358
17165,8617.115
9723,7050.854
9888,14882.413
11533,4361.145
12141,9374.757
4971,7693.5454
5458,4494.9297
16322,5834.6196
7656,18443.547
5460,10700.979
18981,17868.586
11884,3559.4556
14096,9353.43
16952,17224.459
1433,3234.9597
10579,3580.0134
7667,5272.1294
18974,8594.846
18476,5281.708
13131,7018.975
15692,23768.273
12582,11528.629
14017,11154.765
2131,5481.5176
18996,10435.914
16549,12740.718
13128,4282.4478
29,17046.229
10528,3206.5637
5542,6396.1143
17380,1674.2097
13156,11654.684
10718,5867.777
10513,19830.203
2594,4682.9883
16545,5598.914
209,17716.34
11302,10085.558
8987,3556.506
17658,16876.586
17610,14871.332
17127,4786.2803
9635,6308.1177
4873,13887.103
14558,3863.8047
14423,16934.049
2071,2888.055
1908,9328.234
7273,13821.828
14357,11047.511
67,12558.198
1157,10536.235
4724,17488.996
10387,3797.4946
6088,7636.2803
8292,21585.639
10056,15078.649
12813,7561.758
16959,11824.738
835,1418.1318
4443,3002.2522
15358,7134.5776
17506,12466.369
8572,3806.6597
13647,6777.514
15832,15636.809
16198,2612.6304
1795,6185.9346
1379,20422.945
3935,9311.914
6872,7089.468
18126,12842.979
16148,5835.2266
7059,4333.4688
2092,6763.597
5477,4990.4653
16283,14893.9
16777,20383.734
6818,7301.418
19085,5797.7773
2309,8139.355
10465,2879.4124
2157,9940.058
4837,7327.944
17925,5106.686
15912,9509.289
7378,6967.561
12422,2982.566
11410,7445.097
16426,13645.5
4247,7336.301
17098,9393.92
3357,12949.457
14823,3832.3354
729,12144.473
468,7417.1074
3983,6762.2427
16359,19078.959
1436,10732.48
2143,14300.913
18872,12721.848
1010,6581.2466
1455,4445.87
16491,8095.7344
17737,4092.9653
16955,5644.089
9314,8932.459
2929,13739.237
6192,2889.9097
17991,4135.851
6722,7511.2095
1967,7451.875
4014,7061.3125
12216,10860.609
11982,10192.782
12057,5572.1475
15863,7903.8076
12503,3101.5835
1177,7508.6025
12920,6522.292
17427,4721.9814
2660,12441.26
13009,4828.781
3614,16032.966
5454,10878.181
7076,11574.914
19530,3791.421
16268,4361.1865
12963,12888.38
15608,2501.9036
6414,4555.655
15388,7209.009
10212,5429.8433
1003,8049.1143
3036,16834.082
14135,2982.7368
7226,1335.4983
5262,2834.4216
6923,10483.29
12922,8216.591
4450,7421.6367
19281,6844.955
18180,16908.664
10777,7075.6797
9214,6577.375
8174,20510.197
5760,14773.845
11445,4268.854
969,10494.544
14407,4157.638
3656,8908.203
8279,7965.266
7538,5635.7935
16097,3181.2412
9559,5627.634
14290,7005.017
7034,3468.391
10043,16105.026
6862,9552.896
17273,8638.264
15760,2529.7207
8966,4764.5884
14650,9634.58
19607,4968.469
19977,5144.5273
958,7195.4414
8469,15300.862
1346,7876.903
9511,13073.641
5383,4878.127
18897,15285.839
679,7923.4927
16576,16607.684
19574,10822.278
752,11575.201
1390,4459.9126
5429,5257.927
6829,11153.0625
1261,11261.524
18083,6741.3066
2215,3103.0989
3121,4779.92
6476,2370.0522
682,3882.7925
5743,5312.7065
14417,4999.866
11947,6017.365
12804,10689.391
8701,10531.333
12812,5769.334
18335,5747.4683
2891,10178.035
13685,9180.586
1517,12704.703
628,4434.5146
5519,9998.83
19046,3638.7693
9688,2400.1575
2774,15620.725
14906,16787.01
8057,5249.7534
12321,10801.479
1330,3839.3062
1495,12809.974
10806,6297.3564
19818,7242.165
2102,13290.763
11130,10348.118
17699,3956.7617
7613,8899.719
16717,6819.4556
17863,23589.035
6994,9647.27
13071,16087.541
14299,4400.845
16266,2365.1042
6253,3343.0303
10457,7798.6187
17899,4415.335
12248,14210.444
10826,10747.692
6580,6654.328
11597,10528.752
14358,6106.529
15652,17955.967
19286,6763.4297
4919,9408.671
3600,6284.929
9344,8458.368
4131,2911.3943
2242,6479.7485
2225,4984.642
7668,11466.967
1264,2057.4033
18899,6393.8022
14429,5069.055
9403,8194.044
18741,15083.799
11208,6561.8784
13170,6620.3257
4535,4524.772
2296,3270.105
10065,12671.461
10868,8045.2075
4765,12511.144
1944,6180.8096
19220,5834.3584
1674,8959.328
19549,11705.839
16208,3903.4146
5645,1361.3607
5943,2665.8132
13039,17643.26
1424,13948.628
4415,10293.928
11010,6765.2812
588,4297.3843
9824,13700.53
9999,22057.48
12158,18059.426
17761,4817.799
9706,18235.547
2934,20680.375
1940,2589.078
837,17013.16
4622,10016.545
10829,16046.642
17314,12435.755
5866,5127.2686
10603,6898.7476
2755,4895.2104
6877,11491.831
8453,8604.845
6962,13900.686
119,16915.729
398,8547.92
3409,6550.097
17047,4516.4062
19304,7177.2227
7265,21135.979
18279,7557.4746
10908,3819.8022
4931,2418.6138
14452,8390.408
19988,6336.007
5844,7154.1963
8230,4220.308
7221,10620.633
1814,6463.323
16728,5740.4443
4801,17966.691
8482,7119.371
5719,5034.582
8141,12216.254
511,16925.186
18615,4137.512
1163,11632.2295
2595,3644.3655
147,7325.896
13268,7085.5806
3787,4360.1465
19634,5500.9185
18303,3595.8296
11435,4622.7266
8088,4596.9893
507,2735.0613
13636,24234.445
1018,6586.5596
2974,6775.588
7160,13153.698
16639,6731.3086
12035,6194.3955
7817,12527.705
6636,4955.3164
10568,11582.589
10313,12463.255
16857,3555.6003
14148,3512.4521
11628,20883.531
19170,12234.502
3547,6989.7397
14578,5909.4365
1725,14469.872
5173,13531.672
3693,5633.563
2892,16514.557
13292,8974.191
13284,9433.821
6701,16850.113
3251,17532.3
1939,21719.557
6015,2416.547
7015,6803.311
9989,4207.574
19628,5814.7466
16273,14202.572
11773,7087.4937
10972,13413.535
18220,3856.2893
15197,1905.0308
36,3348.4722
17227,6568.6855
13768,3116.9036
18330,8252.507
303,20553.041
8333,13572.218
6998,8821.883
16207,4758.8154
4958,4721.468
12521,6094.908
18359,14887.779
2027,13085.579
5605,22531.213
1106,9830.999
11932,15836.556
16725,10657.538
11512,3117.4211
13440,11469.373
2567,3266.052
15699,5708.992
12295,4526.4727
5008,18990.93
3894,3717.4375
12931,8845.095
18711,10968.203
3768,5526.415
15804,2436.036
15622,4274.053
8794,6716.9487
15221,14365.094
2683,10265.476
8768,6409.8984
16339,5582.271
13656,10098.706
4551,6875.703
1459,6768.25
2306,8609.631
1847,9740.2705
6266,4284.483
18340,9855.699
7170,18306.104
7301,3781.6357
3617,11878.577
10953,17125.506
11714,15856.0205
1860,14755.145
14803,9648.576
12155,14118.406
16116,14970.076
17753,14044.447
6310,4486.38
5266,10163.823
9366,1968.7104
246,15553.367
17845,20780.852
8438,14449.407
8595,5796.716
3297,11087.306
10999,2850.2153
11258,6068.786
13308,9617.971
11640,6330.063
17376,7668.0806
19945,4394.578
18862,6317.6494
3314,12197.032
10758,9159.892
3769,5961.709
4041,4364.05
3434,7739.8926
17626,17491.248
7505,8754.2
8792,4349.7905
9886,2782.5725
15281,4977.2114
7725,3278.473
14635,9433.03
4130,5688.5156
17489,1897.665
2697,4903.6035
14856,14419.3955
12917,17597.332
7960,7166.688
4944,7228.3564
9542,5779.6504
2951,18850.863
3606,4994.6753
54,3650.7576
8197,3006.0955
18320,4339.061
3615,2241.5894
13289,13581.606
3242,2931.647
8946,5770.1484
10172,16365.713
3344,16124.253
4003,10843.748
16349,4638.035
18716,17925.8
18676,7132.7476
15485,15915.2295
18843,5388.9883
18227,17335.29
5644,14180.78
4729,3162.0193
986,12016.501
13677,13321.715
7651,19344.1
14056,10865.24
10193,10032.742
8164,10867.914
15590,7839.966
11269,12812.674
17777,11493.344
11885,6602.158
1882,9375.83
5954,13943.999
2314,3324.2832
11117,7310.5605
16637,4640.1504
1955,8281.855
5981,13414.559
4782,4524.841
778,3929.5928
9932,3457.869
16431,7688.506
3727,4208.4893
17790,12708.884
11415,2908.7903
1658,13304.941
5983,7432.858
11053,9458.12
9125,12106.667
4637,4672.409
4845,6726.0977
17627,4712.033
16315,9118.061
15948,4334.7007
1665,10889.974
11631,5969.2485
14722,5009.877
18628,3108.3816
4746,12407.121
7786,8438.643
15731,18751.47
15915,8173.6865
14830,17954.477
18500,5263.773
989,18828.672
12161,13120.733
19909,17992.463
823,2327.6038
1341,3196.723
7489,10934.581
11050,14651.15
9353,20174.47
2763,12315.14
15872,14020.411
11331,8475.149
14433,10343.401
6534,7518.693
10392,3117.2485
12002,7405.9453
2548,5498.1274
10288,7947.4707
4043,5547.207
19926,5469.9644
14277,15275.725
15664,8905.179
87,5034.8555
1217,6191.312
1742,5492.5034
10845,16178.151
1771,5114.3687
16453,2424.481
8484,6762.791
14,6303.156
3216,5359.078
14337,3208.2498
6539,10141.562
13611,9869.122
4576,8326.893
16079,11614.559
18537,1987.4095
2132,1690.6477
2961,7234.302
9797,8446.404
5545,7258.513
18361,2424.7168
11566,3756.0774
7307,19801.572
5941,18859.352
9105,1956.3105
6734,16940.672
384,3454.1138
17711,11381.467
8755,13076.072
5858,21015.438
15052,2992.019
5925,3453.8403
7132,6920.1724
8073,7611.651
13070,3180.689
310,4073.2805
10051,2453.7869
140,4055.7983
4653,18147.117
13765,6782.377
1318,5699.307
16727,2626.784
1050,12702.861
16037,4217.4673
11520,11897.217
10985,10954.946
17284,5912.7124
18525,14971.019
4999,14828.051
17962,14494.734
6225,8551.459
9394,6334.061
19141,3010.6013
2537,4426.1685
14054,12217.745
1852,3771.4766
2249,7100.864
8054,8225.106
6238,3359.3313
18129,12411.643
14541,6673.1865
14234,5450.9897
12340,2871.19
3666,3441.7104
10427,24149.217
1902,8948.508
12532,15831.3
2303,5208.2856
5304,14665.145
1460,10680.321
13350,4823.8364
10970,7058.39
11980,3952.744
4621,4919.115
9041,9948.641
18682,6740.162
5369,6384.363
14574,5335.193
5413,6903.421
1531,24147.328
18157,7113.391
2133,5740.061
16800,14079.72
19702,4979.5337
703,8930.823
1917,6162.537
10793,4050.1768
17983,13218.503
1632,5837.693
6730,18429.041
16153,11488.807
11791,7914.391
5187,4121.9165
14232,10771.49
4967,16199.922
5423,8856.82
16748,12457.812
7704,5034.303
14513,4100.1675
3599,2771.309
16085,10763.757
733,3845.1814
11953,9315.991
4790,7147.86
3160,6457.1797
4060,5313.8774
152,3640.4253
3808,9338.712
9698,15070.469
3194,10253.381
15363,9690.2705
6217,6603.4683
14597,8462.273
13201,3869.0164
14272,5962.6475
16560,15579.734
4366,4485.1943
13585,12690.171
9303,4291.1333
19064,5198.503
15813,4641.5405
15547,2754.0876
6585,5500.2466
2740,13532.5625
14561,3116.85
8323,7698.4487
3676,5435.621
979,6507.2793
19247,7678.151
13091,9979.355
11963,6700.7656
9483,7915.7275
10936,13469.814
9049,19121.969
2917,3398.261
8215,7021.5327
8371,5457.097
11304,6113.878
17129,7199.7114
19295,3531.6838
4321,3620.9436
6897,4209.866
5159,2923.8962
11637,12045.612
3272,9792.116
5003,5727.111
7064,5299.456
978,8993.583
14902,8189.4106
18692,13976.967
16437,7819.8096
9045,7361.8857
15394,10932.558
92,10511.523
14502,2401.3474
6711,5408.485
12073,4042.4766
1910,7211.23
4465,3656.3303
17400,1931.2706
10106,10240.08
13567,9180.314
15632,3953.634
4440,4990.8413
1505,16086.758
3582,22475.092
4308,7359.3164
1301,2665.7266
3393,2388.953
17813,11002.485
1296,5817.987
6767,7311.474
6956,8075.282
15146,2327.4717
15653,9361.908
4917,14555.675
13747,26799.11
13354,8575.497
6765,4273.984
13423,6778.891
4542,21366.297
7609,12131.46
19925,4049.7056
4588,11750.874
17625,3187.8
19012,2879.8313
7536,19304.715
14125,5716.686
16531,2637.484
15691,4242.84
13166,2703.4805
5731,10650.75
2147,11976.044
9470,16522.75
3345,4228.9644
13557,4492.5723
17091,3574.966
8439,5942.129
11978,13290.078
2957,15850.079
2429,6106.96
16848,7577.4824
464,2480.3662
11685,17879.068
8106,15458.189
15693,23551.809
16699,4417.9385
11375,4890.4126
14400,12976.769
13625,8983.184
15434,2735.629
15128,5705.704
18435,4913.066
6179,4614.2812
10767,14048.561
3351,4666.0312
15949,4149.6704
14029,9845.73
17011,10501.733
3385,2071.8813
4050,16150.524
1912,10292.838
4607,6033.8257
9177,13074.576
6588,11314.838
14683,3873.7212
2072,12396.416
13784,7060.3564
2036,10095.721
19938,15830.65
605,12779.345
15460,6015.259
9272,10056.903
739,13536.319
3862,5536.619
17373,14038.395
15372,7527.3247
4147,2170.9995
14925,3342.0068
2295,7558.7
18082,8572.014
3633,10300.223
1094,8974.782
6004,15618.401
914,8117.159
15625,6017.4683
8808,9015.561
2597,11101.718
13961,5141.9224
9737,20938.074
7146,4135.9414
7554,4619.7686
14164,5883.1045
4213,7181.879
17760,8332.748
2639,6408.743
10395,8879.336
14479,7822.241
13782,12858.852
11857,4595.367
15124,10882.83
17828,5608.289
6512,6210.831
4980,2221.994
10349,2743.1516
16288,5510.3867
8019,9687.185
4539,1582.211
2746,14184.2295
9602,6270.7974
2503,8825.048
17749,6521.5703
8779,7406.0586
9137,4368.423
18520,8241.645
14380,5287.9385
6043,5241.1626
12293,3080.4849
4804,18447.822
9234,10149.835
9213,6814.429
11939,13789.056
5253,12236.859
11001,5356.9775
11672,12072.975
11662,6454.0454
2100,3978.748
14706,14754.328
3343,7056.7207
14694,3845.981
12286,13051.515
2573,7692.7383
4405,6438.3604
15328,11637.545
16675,11396.087
6356,12145.0625
3491,5034.3467
190,17431.562
14147,5058.5156
11203,2903.1125
6000,2557.271
7590,4352.8286
14547,3434.2458
11471,7120.3086
3697,6522.286
15354,10542.619
8316,2823.6704
17213,3907.6877
17981,6303.829
1116,5903.4814
8800,10361.8955
9075,6082.979
8262,4489.1665
6703,10696.57
5420,4819.412
17118,4690.141
3106,7323.9746
17120,2726.1794
12287,2760.1414
9820,15878.63
16451,6672.0664
4115,1477.8998
3066,9926.68
4058,1954.9689
19503,6937.289
19806,7728.414
12335,8155.13
16027,15307.182
19768,2227.4756
13421,11717.489
6055,5209.3984
17754,6829.4473
6535,9931.832
10504,13213.84
11062,10668.155
6526,11380.436
3431,11878.735
5043,3099.2764
9327,5985.4575
13549,10246.244
14304,5045.466
18986,14058.733
4616,7699.741
19265,3039.7263
11092,4470.7485
18583,11296.432
6853,16574.785
8993,7503.6694
4263,4622.3647
3056,13618.587
2664,3172.64
13076,13812.445
11490,4702.375
7244,11253.578
6461,11128.337
9014,4067.7085
7047,4645.713
8466,1930.1588
10498,11535.107
11480,5782.3525
13155,9866.205
6443,12122.901
13873,19418.443
10167,7948.6987
6752,3371.232
5028,5981.069
9184,1796.6431
9784,3772.3005
9051,21487.97
11217,12290.44
7835,6698.772
17301,4688.4683
19079,6391.851
2968,5291.6675
19623,12050.415
11236,4723.54
7243,6500.226
12061,14434.696
4342,5366.787
18744,4598.4937
690,11991.565
7394,9351.913
774,7256.651
2084,3352.4995
15092,13425.374
7451,11842.616
11569,16944.938
2005,5983.8877
3363,7713.546
16146,19625.012
14278,5780.957
15961,3526.708
14133,10146.951
13434,11843.034
1143,4581.2524
12023,16799.84
19223,4975.109
2354,10400.153
5971,8772.12
13391,9301.98
8203,8723.935
2327,2960.1426
16445,10035.239
6553,20086.885
1996,15257.757
18043,10166.664
19489,8988.4375
12807,5521.9414
9816,12352.371
2041,9916.167
17486,9475.203
1743,4801.594
9557,12357.4375
11536,5827.973
1183,3404.6956
5615,7815.7607
7455,6095.3965
19313,4013.827
5508,9931.036
13608,5392.7676
5677,2500.1628
8132,11522.759
3747,5079.2773
12472,4728.747
6985,9417.648
8208,15001.162
8612,2326.3503
18285,3579.1187
12030,2707.1208
15958,9923.84
10800,14281.041
3044,3462.4768
18011,7349.769
8944,10612.076
7875,4237.291
18130,5029.729
3096,4353.327
6325,7686.8193
6213,8862.566
7864,5575.497
691,13703.484
3879,4738.491
12835,1803.7563
17541,18901.486
7223,12790.074
4248,6427.1567
15049,13767.255
8184,12339.478
13599,2582.433
14058,3136.3152
3521,5449.8823
16470,4157.773
5699,7435.1836
4408,5366.2954
8695,13961.392
6575,3425.7092
8660,10646.819
2378,4816.0757
10157,1767.6082
14956,17848.316
10695,10056.952
16062,3922.477
7022,1839.9435
17023,10045.706
972,5419.66
14327,4278.74
10563,8617.428
12455,5985.452
6754,8472.361
12250,4723.432
4293,5352.105
15362,11322.697
5005,3958.0679
8546,19456.316
14951,14215.121
677,4925.3125
3918,3875.2217
16903,13949.8125
8417,4533.996
16908,13092.569
6772,13937.086
12906,9405.558
180,9077.901
8338,12420.073
9122,4684.324
409,3438.4846
16311,8428.531
3561,8187.177
7416,3356.2754
9564,15630.575
6656,3074.1584
51,7447.427
9086,7544.3813
8838,5807.347
88,19901.025
11043,10524.676
2450,15186.518
19565,5818.131
12794,18507.615
18997,4216.244
14413,18991.492
9182,15588.459
2040,3932.409
7796,8820.503
141,6541.4565
11657,7208.445
4910,3197.1772
1579,15067.148
17193,10566.759
18472,4024.5198
12526,8495.236
16410,3863.392
1153,6240.117
8963,9180.147
1539,4776.4517
5640,9520.333
9594,10043.158
2935,4477.0044
4632,9795.787
7867,2943.66
12119,7648.497
6721,3995.662
12364,14161.251
9526,6237.3086
13702,14476.898
19555,12009.936
11357,21428.908
12051,5094.9165
4737,10615.802
4290,4457.446
3580,14806.372
16655,5277.956
14921,4198.341
19225,11953.985
1337,5757.7397
18567,1776.2812
4894,4720.2207
11033,8769.426
19242,3643.2012
1476,15584.445
18906,3262.0103
18248,3429.2534
10180,6058.63
11091,11567.288
13174,4077.7786
2685,6945.5054
19803,11581.429
8024,7770.7974
259,6072.8047
13612,8322.391
14968,4332.7
19062,13910.062
3208,9519.244
12355,9948.233
16241,4328.66
17292,10293.299
1174,7547.08
4310,5955.2075
186,7956.079
18832,2281.4563
16489,8728.546
17750,13154.526
18515,6299.129
6890,10615.974
15437,20456.299
17572,7623.7124
3952,2409.1255
6430,5340.707
13067,8610.649
10005,7437.78
6859,5939.692
5336,12137.27
2806,8688.967
12461,5677.967
3273,14534.617
6781,5109.488
9831,5554.2964
499,18089.023
9074,2250.8057
7276,15654.401
10345,2393.2986
7338,8423.082
572,8733.95
15334,8670.936
10064,2823.0308
12437,6199.7925
9232,16553.68
12838,10302.424
7187,11327.969
15498,3496.2053
15981,10882.736
4611,16846.643
16374,20649.473
1072,5002.6235
19901,12088.448
8342,14894.326
15178,12572.938
2489,5944.005
17725,11864.616
14309,9586.585
52,11999.757
19996,3185.122
12150,16889.709
2933,7671.3506
13457,10347.516
609,10558.034
14855,4820.3315
1980,13483.594
8773,7502.324
16501,5346.0234
9318,23674.318
16425,4805.732
19128,13257.795
9934,4583.272
107,7164.815
420,4453.149
3650,3538.1008
14301,4165.757
1865,8824.0625
16059,10351.78
89,2507.9438
4195,6509.4336
8303,5816.0225
18238,12182.907
15251,12329.514
14549,1688.5316
8872,8522.139
11392,9603.58
10595,11687.767
1543,12300.291
8067,12565.854
12901,14651.919
5254,11759.372
10306,4206.6147
1958,20451.344
18943,14656.698
16738,9633.688
16980,15710.249
6538,3769.7178
16050,3824.2356
12736,4359.3896
19478,4634.356
11446,4683.3013
17978,11215.583
13830,18240.94
7207,13150.524
2170,5156.9478
16005,9664.371
5973,6791.161
3128,7972.008
12959,2790.1484
4413,15486.685
16351,3944.3445
13954,6044.9033
13733,4087.698
19542,2625.9443
5786,6646.532
11344,10703.684
15640,4583.5996
8245,6527.7314
4374,4049.5974
12569,8975.364
14592,7249.8296
3386,3158.1514
5066,6891.1646
6595,8430.275
4564,6489.416
1644,11841.735
9861,6328.234
12889,4758.039
2752,6887.36
17272,3180.158
7923,13339.706
10059,9333.396
17438,3662.8342
18406,4117.829
9164,8181.986
16542,5479.3584
19450,5760.47
18240,6397.3467
16407,7673.0483
9243,6897.175
1323,2858.075
5392,6998.7256
9979,4816.31
2007,7139.479
11959,6358.674
9527,5690.464
18383,4103.2466
6875,4638.531
17249,6038.0054
9667,6376.111
11511,2770.3032
13878,12505.071
16114,5597.456
3771,4957.0137
8850,5108.532
9593,4814.431
14615,3296.531
14162,7291.306
740,10901.686
14967,3980.802
5757,2954.0674
17397,10369.616
16440,5400.9014
6787,6105.387
4167,5767.386
10775,3773.0852
15839,5693.988
5806,3240.813
11328,10917.262
13193,3558.2368
13927,15034.793
2871,8126.8115
4319,15207.533
7252,4568.9585
10753,6006.023
4787,16074.703
1982,6531.587
12599,15393.999
4842,1949.3445
5578,5698.4595
10263,9174.65
19087,3291.1138
3013,26198.941
730,9275.898
11894,4276.704
10544,2974.5046
12004,9852.889
14481,9226.935
7095,23438.896
2231,5241.4424
8009,7269.557
7055,7461.939
2803,6760.0176
9648,8320.637
17757,14387.21
1166,4465.0547
3887,2917.151
18114,6311.7227
14284,10869.604
10445,3390.1145
3886,9845.102
11969,4269.416
10126,8529.026
18066,14410.845
3816,12049.289
12129,6499.575
1485,13926.11
5434,7556.927
4386,19124.596
18457,5940.117
8021,10954.56
8947,4691.9624
1619,7405.3735
15423,16820.072
5194,9123.594
8045,6965.853
8391,4707.5317
448,5087.8066
10081,5146.2354
19538,5382.3306
1400,9101.561
16598,4862.9907
5277,12803.879
11675,11588.799
15262,14616.384
17053,3963.554
15102,12972.709
18491,7722.6816
12269,7896.9653
12275,15612.771
4361,4562.757
10099,5734.463
6056,6192.086
16170,13220.407
7709,8416.385
1690,5698.8125
15317,3163.5369
12891,12609.277
6976,9806.248
15321,7406.574
9810,9842.511
12225,10487.58
11931,2234.6875
10381,7037.074
12962,17926.98
19599,5548.763
19377,7017.1943
18851,9327.531
15272,5186.9966
3941,6755.435
18522,5780.1465
16032,18446.873
13453,2909.1455
9947,13387.246
5544,9718.019
9187,8529.791
14300,8125.6953
2322,2404.9758
7580,5455.4893
8844,4875.8193
13619,6772.984
45,4434.9927
14075,1839.3098
9973,6481.8315
3293,6089.022
8447,4474.665
14577,4201.686
10711,9693.257
11020,4472.1177
6663,12303.658
5776,7096.747
2282,6886.815
18756,3536.8894
10209,11844.028
3658,14778.044
19540,5522.0728
3776,4710.483
4908,4464.552
3123,17009.69
16060,12976.669
18404,18709.885
3570,8339.427
8278,2957.155
5223,13990.05
2811,3143.3843
1383,24331.48
13285,13373.323
15533,6615.7617
3680,3838.9656
3973,14989.621
5524,5597.734
13072,1944.5646
1784,10446.52
3696,4674.415
64,5840.3994
3326,6606.158
14251,4658.7153
3720,8028.3667
15705,6268.0947
3911,2559.9292
5364,3694.8782
1142,9385.055
1064,3359.3313
12508,11505.989
11724,3889.3796
5469,8022.2124
13597,17781.984
7456,4504.5317
19477,7923.3115
224,5960.1113
2362,5550.526
6878,10410.176
6934,18038.373
6327,11904.47
10304,6839.388
17786,6688.059
16937,7182.4204
14567,6808.589
11123,12444.82
15988,9060.238
155,3264.675
13424,9955.608
19537,4186.8267
10105,4782.821
7331,7231.535
16626,4494.943
19655,14018.659
234,17639.02
10880,3914.8662
10120,5518.745
14307,3274.3784
9636,23093.701
1464,6091.7466
1382,12457.823
1475,5900.323
4132,7328.1953
2651,20590.79
17692,5236.7197
6205,19402.117
17221,5818.536
5144,11716.618
2762,2202.5647
2037,4730.8223
14076,18684.277
19514,4102.534
241,6860.6294
668,5066.899
8312,14620.637
4585,6979.6665
747,16389.705
13215,4840.808
8920,7058.02
17219,5656.3984
12144,7444.2593
9171,6124.501
13877,19260.871
9061,18808.482
16934,3513.1223
17317,14354.699
13243,3418.8728
9192,6860.0728
12935,7132.625
6214,9347.739
19791,4947.571
16218,4218.2837
15683,2639.8262
724,3321.2974
19620,6952.1
15377,7183.3315
16068,9115.965
2538,3851.356
7397,4464.65
19928,19544.098
18858,1391.5994
8574,2770.6746
19045,10544.489
6301,5318.9434
18934,5227.2676
12468,5971.344
19258,6187.7285
9868,19715.643
12779,12427.313
12755,2386.2146
4909,8773.643
5762,13795.58
6172,4641.2837
19668,17400.734
5444,13098.165
18835,9488.687
6180,7412.5176
8583,5415.097
19314,4604.5244
17417,3273.045
3628,6484.9297
1269,4009.5103
8459,12149.709
6808,5183.134
13361,11123.965
18552,10875.836
13324,16200.432
9928,7821.958
19973,11651.261
11614,11619.8
5378,2019.1588
5974,12505.632
7601,10541.433
15333,12521.23
1355,8699.871
19678,6316.583
18925,4968.0664
6852,14301.1455
6372,9329.498
10455,11446.337
1889,10402.901
11848,3863.0566
1945,4610.647
4529,13046.101
5756,7346.069
17605,12760.808
13099,13526.808
7073,6172.797
6769,3466.585
3550,3437.2153
296,6422.3584
16384,9143.403
2208,13680.932
8426,5867.626
13043,3127.0537
9160,15799.066
8795,6344.528
18192,19573.627
16602,12658.826
4490,16617.459
6693,16281.581
14326,13330.523
632,10221.773
6800,3600.7861
14049,6534.2354
3890,16649.87
9385,4928.6636
18635,10618.222
11178,5668.1455
17085,22270.234
5260,14296.386
2792,7067.4375
12488,13231.76
9,11966.807
1718,5084.876
9509,14085.576
13020,8114.8135
12504,4701.7783
12333,9726.754
3840,16969.73
19287,6976.0327
3632,3917.7803
19625,16112.385
1095,6146.218
8023,4353.3394
2301,6590.4873
1540,16859.26
13212,10224.124
15202,4329.523
14011,15246.978
973,4567.3726
7316,5139.966
10024,7560.6904
12809,8345.402
11546,4955.572
2717,11486.111
3611,2671.5315
938,7849.154
8521,6387.6885
14763,4499.035
9878,3161.612
1413,2408.0522
7731,5208.1265
6587,5898.028
14126,12533.704
16338,14122.797
8785,10741.574
14604,4418.04
17036,7006.6875
19259,6871.933
3949,4487.578
11423,7564.463
18015,22936.41
17819,15196.108
18738,7134.34
9380,5536.4077
3047,14035.0205
17796,3791.421
16838,4230.07
15726,5646.7974
13516,10856.901
245,6171.967
2006,4966.266
370,3180.0457
8366,9569.977
14031,14731.845
18436,15696.037
5258,20931.127
4863,6509.092
14085,11824.84
8276,19774.49
10884,9308.717
11385,5625.369
10148,7293.038
14645,4790.61
3173,14424.306
13059,5578.9814
3730,4786.6636
11717,5915.8433
8047,9537.992
1986,16167.725
14377,9254.583
19788,9538.812
2734,4503.4487
6502,3731.7668
208,5484.891
11788,6211.595
14465,5654.073
10932,6755.061
2624,4454.98
18434,7582.869
12169,23499.555
1426,5031.9653
5450,15650.52
5727,14209.021
1705,4639.177
17260,19865.412
19999,2425.8137
12622,8005.565
12469,4863.9785
17523,10825.303
12629,3527.566
9148,6534.8584
11948,3893.322
8728,6402.0225
1039,3266.2825
14684,6306.6855
13226,11390.926
10634,5445.0967
17977,2774.0322
3243,5138.7305
11315,12097.375
9800,4028.0493
12013,5761.5913
11807,9377.002
10439,5878.421
3287,24777.652
11488,10736.565
15231,7923.9917
4373,5863.363
5207,7746.4136
7834,5116.0713
3088,6109.821
14915,13357.389
15410,10998.204
9984,10514.342
11874,12899.952
10354,16126.498
8403,10059.446
13141,6781.1094
11585,6831.135
16722,4698.1514
3818,5398.949
15477,19059.336
766,3649.852
16242,16108.866
2824,6489.187
18353,6565.7915
15206,11193.473
13030,8222.181
12879,2234.8071
10997,7455.1523
13807,18244.193
6692,5929.2427
14950,11205.489
17940,6036.911
18713,18232.295
14799,7337.1826
16752,11513.213
6842,19840.21
12830,7300.3594
4123,6808.9067
19394,5961.027
6276,12074.275
14269,7275.273
17220,6813.981
8885,3414.4207
120,7047.23
19614,9074.915
12747,10027.92
16393,5536.2124
17975,4596.314
7200,6410.9683
16595,17635.723
9336,6950.807
13959,8031.476
17367,14097.255
14051,2020.08
3752,13476.316
6941,7589.6924
6691,16821.725
5749,10877.828
9629,20404.256
16475,5093.512
2008,8156.9736
3702,20656.012
4435,7268.94
9827,9535.055
18639,5931.251
8330,12110.027
13528,14577.028
640,5306.6895
15427,3851.9585
13470,4600.845
2009,14603.996
5690,12370.314
11987,13722.422
7953,11938.843
6079,9744.647
6265,5914.664
2368,6738.523
16454,7096.138
5642,6281.1895
10181,3245.3333
11240,7367.5337
9866,5682.1167
16825,3014.0786
13124,6990.013
5617,10023.148
10154,10576.155
634,5727.87
3003,2518.7908
15044,3157.808
13034,5377.83
836,5439.916
9589,10004.134
9661,8788.492
4480,2611.8066
18416,13005.762
12339,3653.1333
6513,6594.279
2866,2461.8135
11822,5901.1675
7659,5945.0996
12043,6461.4307
3389,3536.5352
13513,19587.223
12183,13271.015
3150,14733.081
13904,6588.6772
19160,4210.718
5807,9322.053
15506,7311.3906
3295,5462.842
19492,3554.9626
8488,6977.277
7514,8480.947
4476,1262.6515
11266,5344.463
12138,4177.8584
5337,19828.992
9181,5225.169
13722,15448.094
5674,3253.2373
11345,15105.796
12334,5326.142
1402,9073.608
4200,9381.681
7126,10107.629
15923,5946.659
8943,25547.346
13943,3956.7502
4966,2543.6338
19389,15423.009
12817,6973.239
3327,5431.874
7194,11495.898
19763,3142.023
6242,13879.211
7546,5950.784
17773,5155.0938
5610,16468.158
9677,10976.806
8514,5136.8438
13895,6571.3486
5436,11266.455
17700,6358.771
15352,10103.995
1874,13672.231
3605,9835.622
19465,9312.322
8692,8070.778
8789,20063.795
878,4793.9243
9155,4197.6
12684,4299.9263
19252,15126.932
18453,5087.224
15886,5263.9185
18452,17185.127
12754,5864.263
1938,21662.191
5410,12912.508
3024,9335.969
17595,13948.668
14797,5749.2173
4385,10100.863
15267,7482.3076
1049,19081.307
16086,12408.305
9330,7403.756
3692,4045.3118
9432,4465.642
16420,6222.625
9238,6673.505
14482,15607.516
7021,7380.7495
15700,9950.378
13590,3666.4978
13104,4421.117
9333,14808.533
4709,6390.7783
16234,6056.0586
19230,6071.467
6762,10014.95
1609,5342.2407
10205,3212.6448
10331,5321.846
1074,8424.159
713,4339.719
19072,3308.1367
1985,5896.1206
11560,5498.7676
13750,4776.447
17744,4084.607
16185,4221.7134
19284,22468.254
3957,4194.33
19325,13751.192
726,7050.6387
8998,10596.35
12987,7635.7344
9612,8461.362
5026,11316.846
4204,9402.731
15885,7805.3755
14289,6829.4146
15583,4933.146
14625,9597.472
19541,4041.158
851,4419.924
12228,9164.934
2273,5983.083
7472,13640.906
4549,13783.77
15093,5563.873
3004,4131.9707
6824,4458.8105
13348,4453.854
13855,9537.338
13487,6951.424
18935,12294.813
14432,2595.8645
12941,5841.8926
5117,10126.387
17697,4587.7334
14752,4064.4543
17986,7294.854
5836,13698.218
17034,7443.862
4418,10387.435
8995,16123.3
8824,10229.127
15325,4471.836
19651,6512.489
14160,12075.45
11476,3830.9392
305,4067.1965
19071,8345.171
16561,11392.121
3819,5371.3193
4084,11233.396
3274,4426.3667
6937,2865.2332
8631,5791.703
4707,3356.3428
13400,3879.5195
2691,5573.3965
18726,8480.898
96,11071.604
1536,10306.364
18841,8276.842
6093,10112.691
13791,5183.8457
3934,6121.604
18787,7097.289
4001,7551.9263
17920,8194.341
965,3754.369
17326,4903.814
19091,8721.597
4494,8991.781
17229,18086.418
14426,4484.6855
6657,10953.734
4145,13098.564
11371,3349.5713
3811,17257.46
18505,4467.1504
3585,4444.475
6650,13905.379
15925,15497.751
2760,3744.1577
13751,1859.2607
12909,3535.6448
6005,4867.1904
19629,5040.045
14638,4374.415
7350,1816.2943
15598,4559.398
19713,12511.394
11845,6601.529
17238,17449.31
18871,4292.378
6228,4786.12
10975,14956.947
16918,4994.456
8281,6477.431
744,10669.254
16385,8568.964
2161,11519.551
9900,5860.897
4363,5980.139
8022,9534.918
15604,8302.403
8094,3485.9414
11841,6651.7393
3734,5930.9907
17100,2735.6106
6196,8373.116
10585,5017.955
19337,5663.1196
13926,13554.121
13671,12010.05
17254,6341.406
591,2924.2224
13568,4214.5835
16084,11836.88
15405,2587.1826
14480,9112.584
14895,5918.0273
2218,5285.2104
7196,8625.288
18580,2566.0962
6034,5679.4673
16186,5188.288
385,13375.823
3517,9241.467
8014,11105.838
14368,12931.13
17309,12028.689
18587,6163.36
1224,4488.1904
2865,5511.7695
9884,17258.316
5956,14151.962
4558,13516.323
18395,19134.629
158,9193.721
18957,5665.41
870,2822.9863
285,6612.2036
9882,12102.661
2074,12241.225
3410,1929.9148
17375,16518.842
9504,2016.6952
11735,19533.03
5804,12939.137
1892,9240.3125
10187,13728.889
8166,11414.416
14759,4221.037
19096,3035.6025
19248,7292.6553
946,5779.044
18181,4162.2017
4273,2536.0808
17346,4297.0645
19011,15119.287
8437,17091.045
12458,6479.2725
19161,7359.0986
15531,21302.916
14225,3705.439
10418,4730.466
6382,6758.367
6509,11950.679
951,4172.4062
15104,12587.072
5728,8052.8154
10608,12873.748
3502,5768.1016
16811,6397.896
5534,12593.196
6311,6171.684
11764,2465.3801
19707,14255.988
13198,11717.087
8151,8344.455
13314,5384.359
14666,4194.61
14885,4681.1885
4627,3397.4604
8188,6410.9683
18232,6698.919
163,10940.558
9651,6206.1587
9111,4218.4287
7148,7949.351
14721,4539.293
14068,3063.9434
17022,7762.1895
431,2757.7188
912,5153.9873
4004,12575.745
17425,22328.87
570,10531.8955
6826,12650.643
6611,2195.0825
320,10742.742
199,10599.533
13001,2983.155
18765,7746.133
13681,5303.1475
6140,14164.709
1240,5414.116
11571,6315.6553
95,10312.294
15865,6059.1675
9175,2276.4834
15500,4538.6216
15475,5325.055
227,2523.464
16352,18447.506
9711,12022.015
1139,2115.432
18224,6762.004
12306,14527.217
1289,9336.494
19735,12536.19
11535,4453.854
16039,9097.699
19956,1916.9523
3029,10031.891
15616,6639.7334
13357,12457.491
12947,13833.6045
18064,9378.576
15238,16610.82
4035,2001.1614
10363,4762.766
10831,5024.416
8113,11841.147
7959,8756.162
7671,3097.237
19118,4532.539
15024,9136.708
9383,12327.056
4913,6390.766
2455,10253.186
10863,5795.107
1046,6996.3433
1270,12209.999
15992,3526.3582
7081,4591.884
6821,6021.769
13730,10505.239
19427,4355.653
16150,6202.608
11749,14360.724
11635,5481.685
8908,11623.324
6324,9829.283
538,4652.165
7908,8361.768
18674,9019.37
19381,10054.458
5598,6144.149
4924,5393.6167
4154,12307.25
13570,5639.66
2203,5571.85
15095,20137.045
11974,2904.7915
6036,8221.898
17416,8340.795
11158,4516.092
4426,10725.297
19816,8469.573
9506,4293.164
10927,9639.433
13046,10163.097
11811,4805.475
16016,7469.7935
5537,9739.286
18898,3234.256
7311,7019.6577
7138,6906.055
15984,4532.8545
12054,10545.897
14239,6459.1816
13501,16511.611
14836,4774.1875
975,13413.075
8078,11827.581
3778,1838.4667
16809,10190.644
5354,4665.0967
14341,6671.7676
10962,3555.4207
14410,19955.135
10375,17264.752
3549,5929.0166
4312,6480.447
5356,11105.901
6690,5543.732
17877,18750.738
12436,5797.103
19367,9629.1875
7637,8493.138
5453,7499.627
11575,5071.183
2195,5785.602
13949,14406.817
16442,4460.1846
17342,5476.3594
2159,12348.26
15029,14261.55
618,8361.728
5126,13523.608
773,17552.729
10147,4001.1047
1212,6529.463
7387,17105.754
4113,10232.894
14259,4010.7957
7764,13862.648
16654,3399.279
15228,11104.291
19609,3275.4907
2113,6414.6445
17441,8127.579
10551,18965.555
17795,15715.749
12942,3986.156
149,8345.044
17680,11862.421
15402,13026.655
8723,6400.38
16532,12751.074
11859,5049.221
5390,11062.779
903,9393.437
8766,19182.465
3246,15567.748
16165,2275.262
5379,4106.7554
6303,11982.213
6314,22912.994
19698,3918.7446
15884,7535.802
6279,7163.2026
12588,8817.946
8646,16279.175
16199,11943.204
3089,4991.146
12984,2215.0723
7684,9311.301
3187,6282.6875
5898,7026.973
9347,22952.887
14555,10323.906
9054,3215.4165
12512,10130.02
14224,5523.6587
18740,4407.1846
18134,6856.0825
12413,6027.8486
